wind_speed,current
11.187073,1.582
13.424487,1.822
7.607209,1.057
6.041019,0.5
22.374145,2.236
21.702921,2.386
21.367309,2.294
6.824114,0.558
18.234929,2.166
13.87197,1.866
6.488502,0.653
14.207582,1.93
10.292107,1.562
12.977004,1.737
16.556868,2.088
8.054692,1.137
17.563704,2.179
19.689248,2.112
15.661902,1.8
12.193909,1.501
20.360472,2.303
22.821628,2.31
9.1734,1.194
8.837787,1.144
5.481666,0.123
